{"cameraMode":{"drawMode":0,"name":"Shaded","section":"Shading Mode"},"sceneLighting":false,"audioPlay":false,"sceneViewState":{"showFog":true,"showMaterialUpdate":false,"showSkybox":true,"showFlares":true,"showImageEffects":true,"showParticleSystems":true},"in2DMode":false,"pivot":{"x":10.11407470703125,"y":-11.595023155212403,"z":34.16226577758789},"rotation":{"x":0.10785067081451416,"y":0.2276849001646042,"z":-0.026767045259475709,"w":0.9677147269248962},"size":10.0,"orthographic":false}