{"cameraMode":{"drawMode":0,"name":"Shaded","section":"Shading Mode"},"sceneLighting":false,"audioPlay":false,"sceneViewState":{"showFog":true,"showMaterialUpdate":false,"showSkybox":true,"showFlares":true,"showImageEffects":true,"showParticleSystems":true},"in2DMode":false,"pivot":{"x":1.8511590957641602,"y":-18.7530460357666,"z":23.35620880126953},"rotation":{"x":-0.4725606143474579,"y":-0.02567974664270878,"z":0.014791758731007576,"w":-0.8811129331588745},"size":10.0,"orthographic":false}