{"cameraMode":{"drawMode":0,"name":"Shaded","section":"Shading Mode"},"sceneLighting":false,"audioPlay":false,"sceneViewState":{"showFog":true,"showMaterialUpdate":false,"showSkybox":true,"showFlares":true,"showImageEffects":true,"showParticleSystems":true},"in2DMode":false,"pivot":{"x":6.388000011444092,"y":-9.635910987854004,"z":3.381999969482422},"rotation":{"x":0.3001450300216675,"y":-0.007845984771847725,"z":0.0022840213496237995,"w":0.9540055394172669},"size":0.4494527280330658,"orthographic":false}