{"cameraMode":{"drawMode":0,"name":"Shaded","section":"Shading Mode"},"sceneLighting":false,"audioPlay":false,"sceneViewState":{"showFog":true,"showMaterialUpdate":false,"showSkybox":true,"showFlares":true,"showImageEffects":true,"showParticleSystems":true},"in2DMode":false,"pivot":{"x":10.347158432006836,"y":-11.867814064025879,"z":34.29695510864258},"rotation":{"x":0.12292145937681198,"y":0.03616747260093689,"z":-0.004970406647771597,"w":0.9919506311416626},"size":9.97974967956543,"orthographic":false}