{"cameraMode":{"drawMode":0,"name":"Shaded","section":"Shading Mode"},"sceneLighting":false,"audioPlay":false,"sceneViewState":{"showFog":true,"showMaterialUpdate":false,"showSkybox":true,"showFlares":true,"showImageEffects":true,"showParticleSystems":true},"in2DMode":false,"pivot":{"x":9.888701438903809,"y":-29.95844841003418,"z":50.86296844482422},"rotation":{"x":0.3554610311985016,"y":-0.0012345582945272327,"z":-0.0005039168754592538,"w":0.934966504573822},"size":17.26240348815918,"orthographic":false}