{"cameraMode":{"drawMode":0,"name":"Shaded","section":"Shading Mode"},"sceneLighting":false,"audioPlay":false,"sceneViewState":{"showFog":true,"showMaterialUpdate":false,"showSkybox":true,"showFlares":true,"showImageEffects":true,"showParticleSystems":true},"in2DMode":false,"pivot":{"x":10.959460258483887,"y":-9.041194915771485,"z":7.2198567390441898},"rotation":{"x":-0.002661856124177575,"y":0.9526891112327576,"z":-0.0073493607342243198,"w":-0.304350882768631},"size":0.4494527280330658,"orthographic":false}