{"cameraMode":{"drawMode":0,"name":"Shaded","section":"Shading Mode"},"sceneLighting":false,"audioPlay":false,"sceneViewState":{"showFog":true,"showMaterialUpdate":false,"showSkybox":true,"showFlares":true,"showImageEffects":true,"showParticleSystems":true},"in2DMode":false,"pivot":{"x":10.193105697631836,"y":-9.811935424804688,"z":26.854934692382814},"rotation":{"x":0.2424008995294571,"y":-0.015683777630329133,"z":0.0032288499642163517,"w":0.9702621698379517},"size":0.8182715177536011,"orthographic":false}