{"cameraMode":{"drawMode":0,"name":"Shaded","section":"Shading Mode"},"sceneLighting":false,"audioPlay":false,"sceneViewState":{"showFog":true,"showMaterialUpdate":false,"showSkybox":true,"showFlares":true,"showImageEffects":true,"showParticleSystems":true},"in2DMode":false,"pivot":{"x":9.155139923095704,"y":-6.59556245803833,"z":-0.9930005669593811},"rotation":{"x":0.2519277334213257,"y":-0.2567868232727051,"z":0.06927955895662308,"w":0.9306319355964661},"size":0.4494527280330658,"orthographic":false}