{"cameraMode":{"drawMode":0,"name":"Shaded","section":"Shading Mode"},"sceneLighting":false,"audioPlay":false,"sceneViewState":{"showFog":true,"showMaterialUpdate":false,"showSkybox":true,"showFlares":true,"showImageEffects":true,"showParticleSystems":true},"in2DMode":false,"pivot":{"x":18.074384689331056,"y":-4.274221897125244,"z":17.11296272277832},"rotation":{"x":0.04687608778476715,"y":-0.5208161473274231,"z":0.027421239763498308,"w":0.8522906303405762},"size":0.866025447845459,"orthographic":false}