{"cameraMode":{"drawMode":0,"name":"Shaded","section":"Shading Mode"},"sceneLighting":false,"audioPlay":false,"sceneViewState":{"showFog":true,"showMaterialUpdate":false,"showSkybox":true,"showFlares":true,"showImageEffects":true,"showParticleSystems":true},"in2DMode":false,"pivot":{"x":7.460728645324707,"y":-9.28591251373291,"z":27.015174865722658},"rotation":{"x":-0.1340523660182953,"y":-0.2536240220069885,"z":-0.03590111434459686,"w":0.957551121711731},"size":0.22997060418128968,"orthographic":false}