{"cameraMode":{"drawMode":0,"name":"Shaded","section":"Shading Mode"},"sceneLighting":false,"audioPlay":false,"sceneViewState":{"showFog":true,"showMaterialUpdate":false,"showSkybox":true,"showFlares":true,"showImageEffects":true,"showParticleSystems":true},"in2DMode":false,"pivot":{"x":5.33465051651001,"y":-6.343911647796631,"z":15.457537651062012},"rotation":{"x":-0.04225149750709534,"y":0.09322559833526612,"z":-0.0025901938788592817,"w":-0.9950709939002991},"size":10.0,"orthographic":false}