{"cameraMode":{"drawMode":0,"name":"Shaded","section":"Shading Mode"},"sceneLighting":false,"audioPlay":false,"sceneViewState":{"showFog":true,"showMaterialUpdate":false,"showSkybox":true,"showFlares":true,"showImageEffects":true,"showParticleSystems":true},"in2DMode":false,"pivot":{"x":-10.852080345153809,"y":-8.14976692199707,"z":16.340614318847658},"rotation":{"x":0.10732713341712952,"y":-0.1337614208459854,"z":0.01323061715811491,"w":0.9854303598403931},"size":10.0,"orthographic":false}