{"cameraMode":{"drawMode":0,"name":"Shaded","section":"Shading Mode"},"sceneLighting":false,"audioPlay":false,"sceneViewState":{"showFog":true,"showMaterialUpdate":false,"showSkybox":true,"showFlares":true,"showImageEffects":true,"showParticleSystems":true},"in2DMode":false,"pivot":{"x":6.260862827301025,"y":-9.452369689941407,"z":4.856029510498047},"rotation":{"x":0.00006881861190777272,"y":0.9997523427009583,"z":0.014694703742861748,"w":-0.02422303520143032},"size":0.4494527280330658,"orthographic":false}